视频名称,视频类型,up名字,视频简介,点赞数量,投币数,收藏数,分享数,视频链接
对不起 被我装到了！,日常,夏波波Brian,出发之前真的没想到这次挑战会是这样！在节目里遇到了很多B站的小伙伴，很幸运能认识你们！喜欢这个视频的话记得关注，转发，点赞！❤️,161698,104866,18818,5445,https://bili2233.cn/BV1LQ4y1k7XR
我又去“当兵”了,人文历史,凉风Kaze,-,229711,131931,25615,4050,https://bili2233.cn/BV1Dq4y1N7c7
把1000块的海鲜高汤，倒进200度的高温油锅？？ohhh~针不戳！,美食制作,绵羊料理,日更微博：绵羊料理微信公众号：绵羊料理油管同步更新：https://www.youtube.com/c/sheephoho,212313,146702,38554,2932,https://bili2233.cn/BV1Lf4y1n7jv
真·社交牛逼症！在新疆，跟陌生阿姨回家吃饭，还切磋了舞蹈💃,日常,盗月社食遇记,喀什系列最后一期，愿你开心！,146842,105536,21682,5623,https://bili2233.cn/BV1uv411A7EJ
“每天一遍，防止抑郁”,影视剪辑,向上的可可,人生就是这样，有时候不甘于平凡，却又不得不屈服于平凡，这世界有太多不如意，可你的生活还是要继续！,19716,9255,13074,4335,https://bili2233.cn/BV1pU4y1N7oY
【特利迦奥特曼吐槽】无内鬼？来点快餐笑话！,特摄,九冢嵬,一年不吃饭，只为这一战！贝塔充饥，厨房的神！！！,15733,6344,2671,541,https://bili2233.cn/BV1pP4y1h72S
1992年的中国发生了什么？【激荡四十年·1992】,影视杂谈,大象放映室,今天我们继续聊激荡四十年之1992年。,49096,55414,19265,6222,https://bili2233.cn/BV1A44y1b7sL
“到你出马的时候了，异乡人”,GMV,B站七万星星,特别感谢@冷宝酱 授权版本踩点灵感“风带来故事的种子，时间使之发芽。”我们在蒙德注解自由，我们在璃月见证契约，我们在稻妻阐释永恒。我们在原神。剪了好久的原神周年庆视频（剪吐血了作为一只游戏区新up，还不是很会剪GMV，谢谢观众友友多多包容啦～送给所有在提瓦特冒险的旅行者，也送给陪我们送过一年的原神游戏。祝大家未来一路顺利远行～BGM：into the fire素材：@晓益同学 原神官方 自录封面：https://twitter.com/yuuzatta27/status/14,57661,27706,25020,4112,https://bili2233.cn/BV1nQ4y1y7QF
《原神》珊瑚宫心海角色PV——「沧海一意」,手机游戏,原神,继承了珊瑚宫血脉的少女，命中注定需要倾听海祇岛住民的愿望。战局千变，人心复杂。面对如此种种，心海知道，她还有很长的路要走。中文CV：珊瑚宫心海——龟娘日文CV：珊瑚宫心海——三森铃子《原神》bilibili服下载地址：http://www.biligame.com/detail/?id=103496,163347,47474,22768,42196,https://bili2233.cn/BV1oU4y1P7yd
一口气看完，成龙历险记1-5季！100集！爷青回,综合,芙芙家的洗碗君,求点赞、收藏、投币、转发，求求大家顺手支持一下UP主，谢谢！每期视频分集如下：1.   01-13集：符咒篇2.   14-52集：恶魔篇3.   53-69集：动物篇4.   70-82集：面具篇5.   83-95集：魔气篇最后，欢迎大家关注公众号：芙芙家的洗碗君谢谢大家~UP会继续加油的~,32894,19652,19114,1072,https://bili2233.cn/BV1zg411c7iQ
失恋了，但爱过就不后悔《彩虹》cover.周杰伦,翻唱,啊wu啊wu真的好可爱-,以后再也不要为男人哭了，唉哭起来真的很丑，,16742,10288,4248,5957,https://bili2233.cn/BV1eq4y1K7QS
1910-2010 百年变迁，中国校服的青春之美。,穿搭,朵朵花林,这个月整理了1910年代至2010年代的中国校服，尽力去还原了历史图片里的那件衣服。一代一代人在更替，但青春永远不会老去。,41885,16101,10992,2453,https://bili2233.cn/BV1WL411x79E
【100天上岸计划】送考研救命笔记，浓缩精华【空卡】,校园学习,空卡空卡空空卡,倒计时100天上岸！各科复习安排来啦～本视频包括但不限于：政治保50/ 保60冲70/ 保70冲80复习计划、数学保100复习计划、英语保60冲刺计划、各科选哪些视频和题目、专业课高效背书技巧···用100天，换一个奇迹。各位研究生，我们山顶见！,15172,10660,18951,2355,https://bili2233.cn/BV13P4y1h71y
花好月圆会 | B站中秋特别节目正式预告片,综艺,哔哩哔哩晚会,#花好月圆会# 预告片正式公开！相约中秋夜，月下共团圆。这个中秋B站来了许多新朋友，与众多B站UP主们带来一个难忘的中秋之夜。花好月圆之时还会发生哪些有趣的事情呢？记得关注哔哩哔哩晚会号，后续有更多精彩内容揭秘~直播预约：https://www.bilibili.com/blackboard/dynamic/166894,17684,1765,2663,2063,https://bili2233.cn/BV1mL411x72h
《丑到不想起标题》,明星,三代鹿人,正因为看过美有多美，才知道如今丑有多丑。,408202,218992,49312,14523,https://bili2233.cn/BV12v411w7ZQ
【短的发布会】加量不加价，iPhone13不负王守义厚望果然十三香！,数码,短的发布会,Pro全系上高刷！iPhone13 Pro自适应120Hz果然十三香,102794,24413,8071,13901,https://bili2233.cn/BV1EQ4y1r7wX
听说你们都在找本人？那俺可不就来了！,搞笑,二酱不怕不怕,锵锵锵，俺来啦俺来啦俺来啦,56822,10207,10967,14017,https://bili2233.cn/BV1kL411t74h
我用量子力学实现了悬浮鼠标！最离谱的高温超导体磁悬浮 ｜ 小宁子 4K,数码,贪玩歌姬小宁子,我来带大家一起复习一下高中物理知识,43112,26715,8716,2713,https://bili2233.cn/BV1rL411x7Rb
《来自星尘》先导概念PV,手机游戏,来自星尘,穿过风暴，越过永恒，祝你旅途愉快。鹰角网络首款买断制手游，章节叙事与3DRPG玩法的双重探索。↓↓游戏预约请前往↓↓https://www.biligame.com/detail/?id=107825,64538,18223,12635,44983,https://bili2233.cn/BV1zM4y1G7MJ
20秒让鼻子通气,科学科普,正经的知识,视频来源：https://www.youtube.com/watch?v=I47xi2F3W9ghttps://www.youtube.com/watch?v=en3pk5l_0mc,88603,15478,106806,15085,https://bili2233.cn/BV1wU4y1N7Qo
除非我买不起核桃，不然你想跑门都没有,动物综合,天下一场梦,,29838,1356,933,238,https://b23.tv/BV1Yb4y1y77X
缘   者   上   钩,电子竞技,阿三解说,本来是打算做一期长的 但是最近因为疫情的事实在是来不及了 又怕大家等着着急 只好发短的了 给大家道歉！对不起大家！,67359,6345,2084,1273,https://b23.tv/BV1pg411c776
Ngana Rindu高级版,搞笑,schei8e,https://www.youtube.com/watch?v=DkrAxPsKJv8https://www.youtube.com/watch?v=DkrAxPsKJv8,17360,1700,9147,3754,https://b23.tv/BV1R34y1Q7J4
我重开了5241次才打出的隐藏结局！！破碎太阴太阳，永世超脱轮回！！！!,单机游戏,我是谁压实度,游戏链接：http://liferestart.syaro.io/view/重开了5241次终于弄了出来，全b站我都没有搜到有人发这个结局的视频，我可能是第一个完成这个的视频主播，视频素材超过60G，录制了至少四五十个小时。其中车祸/溺水/世界战争等死亡的次数已经无法计算了，截杀我的魔法少女可能都绕地球一圈了也说不定。为了这期视频我没日没夜的刷、中间还经历了很伤心的事情，但是我从没想过放弃，今天终于如愿以偿，把修仙的三条不死路线都打了出来。非常感谢大家对这几期视频的支持，在这里想求一下大家的投币、点,46407,11270,8477,4644,https://b23.tv/BV1sf4y1P7fT
小伙偶遇高人指点，终于做出3D火影忍者~,鬼畜剧场,主观哥哥,勤俭持家的大蛇丸带着徒弟药师兜摆摊赚钱，竟遭仇人复仇？ 二人能否度过难关？模型： sketchfab.com @adamryandavis007 @Tonks,12337,3899,2496,3303,https://b23.tv/BV1w64y1a7iR
咱班的女生 我最不喜欢的就是数学班长，她上课老是记我名字！,日常,乡村教师日记,当老师给我加菜的那一刻，我就是知道要开始批评我啦！bgm所念皆星河,29638,10696,1172,447,https://b23.tv/BV1JL411x7xM
【收藏血赚】帮你下载99%的中外高质量文献，这13个免费图书馆&网站必备,校园学习,统计之光公开课,公众号“统计之光”，回复【图书馆】，领取13个网站【专用】链接，要不然注册使用出现问题，很难帮大家解决～请一定看完，绝对能白嫖不说，下载到的还都是高质量的中外文献，让你的科研生产力直线up↑ up↑ up↑Web of science、Pubmed、知网、万方、维普、Sci-Hub、Google、Library Genesis、BookSC、OA图书馆等，均可用专用链接免费下载~觉着视频不错，记得一键三连支持噢！！,4106,3832,19575,529,https://b23.tv/BV1Uf4y1J7Dr
【独家视频】习近平与夫人步入全运会开幕式会场,热点,央视新闻,中华人民共和国第十四届运动会开幕式15日晚在西安奥体中心体育场举行。中共中央总书记、国家主席、中央军委主席习近平与夫人彭丽媛步入会场。,45243,3698,1508,1474,https://b23.tv/BV1q341127gf
危！十年前就淘汰的危险插座，这么多人在用！【老爸评测】,家居房产,老爸评测,近期视频合集：去上千万的实验室测西瓜→BV1cv411w7yu酵素果冻检出违禁泻药→BV1RL4y1h7p7饮水机的水有多脏？→BV1pb4y1U7dU14款水果茶评测→BV1ih411W7zf没洗干净的空调有多脏→BV1WU4y1E7j3曝光问题爬爬垫→BV13y4y1V76j怎么选一支合适的口红？→BV1f64y1W7ZZ最全洗发水选购指南→BV1Tw411R7wk烤肠里究竟是什么？→BV1Fy4y1T7Uu电动牙刷大评测→BV1yh411a7ZC,36798,5222,5270,16688,https://b23.tv/BV1vf4y1n7gj
看完别赞！我要脸！,搞笑,敬汉卿,丢脸丢大了！,183058,22466,5406,1463,https://b23.tv/BV17P4y1Y7bx
papi酱不定期更新的日常——月饼测评2021,美食测评,papi酱,距离上一次月饼测评又过去两年了！今年的月饼节，办公室的小伙伴每人带来了一两款自己感兴趣的月饼，由非专业月饼品鉴师pa子为大家评测一下各种正宗不正宗的月饼！不知道有没有你喜欢的月饼呢？（不出意外的话下次月饼测评将在2023年见面！到时候再见！（提前祝大家中秋节快乐！,84596,14490,5677,4687,https://b23.tv/BV1fb4y1278R
耗时3年，我打造出史上最梦幻游戏房！！！,数码,雨哥到处跑,小时候的梦想就是拥有一个可以每天在里面待24小时都不出来的房间，花了几年时间用我的爱好搭建出了这个房间，还有很多地方没讲到的，大家有什么安利到的评论里面互相解答哈！平时也没什么爱好，就喜欢倒腾一下房间，宝剑嫂也很支持，也帮我一起弄，这种感觉真好！,50928,10637,6531,4782,https://b23.tv/BV1vg411c7QG
你名下有几张电话卡？有没有被冒用？官方教程来了,热点,人民日报,（素材来源：工信微报）,27830,3241,20210,8918,https://b23.tv/BV1Mf4y1w7JL
赵立坚现场展示B站UP主的漫画：《两岁“恐怖分子”的葬礼》,热点,新华社,9月15日，外交部发言人赵立坚主持例行记者会。发布会现场，有记者提问，据报道，近20年来，美国在叙利亚、伊拉克、 阿富汗等多国发动空袭超过9万次，在空袭中丧生的平民最高或达4. 8万名。中方对此有何评论？赵立坚表示，美国在海外犯下严重的人权罪行。事实铁证如山，公道自在人心。赵立坚还向在场记者展示一幅漫画，描绘了阿富汗一场不同寻常的葬礼。赵立坚表示，经新华社海外社交媒体账号播发后，令许多海外网友唏嘘泪目。站内编辑：酸菜藤椒海鲜面,41263,3246,2323,460,https://b23.tv/BV13f4y1w7iC
同行： 3块一碗粉你放这么多料?亏死你啊！,美食制作,我的样子平平无奇,"之前我教过一次家常的版本，这一次商用版他来了！可以说是非常非常非常还原了！吃着南昌拌粉，看着《我粉你》纪录片，嗦粉搞起来～许冠杰 - 天才白痴梦陈致逸,HOYO-MiX - Let's Go, Crimson Knight!菅野よう子 - Spokey DokeyQueen - I Want To Break Free Won't Go Home Without You菅野祐悟 - 白金の拳Hot BloodWon't Go Home Without YouDumbhead",46721,17602,5927,1888,https://b23.tv/BV16P4y1h7of
《明日方舟》中文语音试听,手机游戏,明日方舟,《明日方舟》中文语音试听阿米娅＆阿米娅（近卫）   CV：陶典陈＆假日威龙陈   CV：虫虫星熊   CV：蔡欣纯诗怀雅   CV：谢莹德克萨斯   CV：杨梦露能天使   CV：蔡书瑾讯使   CV：徐翔银灰   CV：吴磊*以上排名不分先后,81500,14166,9500,24183,https://b23.tv/BV1Lv411w7Q6
对不起！这是我今年的装逼素材！,搞笑,一马平川的妥妥,是今年的女生赛道登顶的第一个人！！纯属运气好~~ 对不起！这次我站起来了！！,51155,20036,5939,632,https://b23.tv/BV1gb4y1274P
剧TOP：史上最头铁皇帝！经典历史剧《雍正王朝》全解读（第一回）,影视杂谈,电影最TOP,雍正王朝 第一回,37054,20910,5742,655,https://b23.tv/BV13L411x72X
【小泽】iPhone 13系列我会选哪款？苹果秋季发布会解析,数码,钟文泽,凌晨的苹果发布会发布了四款 iPhone 13，两款iPad和一款Apple Watch，其中大家最关注的自然是iPhone 13和iPhone 13系列。那么看完整场发布会，有哪些细节值得关注，我又会选择哪款？视频里我们聊聊。,24380,4182,2464,4221,https://b23.tv/BV1tQ4y1r7c9
【罗翔】“学姐好”事件反思，从权力聊到法治与平等-直播回放,社科·法律·心理,罗翔说刑法,“学姐好”事件给了我一个很好的反思自己的机会，当自己掌握权力时，你是否也会滥用权力？这个事情同时也让我想到了鲁迅的《灯下漫谈》，这次直播回放与大家聊一聊我对查寝事件的看法。,201779,48132,21218,6671,https://b23.tv/BV1Kq4y1f7W5
【百人合唱】万妖纪【神都夜行录】三无Marblue/祖娅纳惜/萧忆情Alex/KBShinya/哦漏QAQ/Litterzy,原创音乐,祖娅纳惜,共守三岁，恰逢锦时！《神都夜行录》三周年生日快乐！“想来是，这神都故事多，后来等你续！”万妖纪——《神都夜行录》三周年妖灵群像主题曲出品：神都夜行录制作人：Kuo Yu作曲：Litterzy编曲/混音/母带：X-Audio作词：冥凰【动物连合会】和声：阿南sara统筹：叶萱 三糙文化监制：Yida,6895,2120,1651,246,https://b23.tv/BV1xP4y1h7Wd
【大体重】真实案例：一周瘦十斤！！体重越大，效果越明显！！,健身,小马Masem,,4745,4699,14465,394,https://b23.tv/BV1D44y1t7rf
【时代少年团】《夏日vlog》之七个愿望,明星,TF家族,,57375,23606,12763,1601,https://b23.tv/BV1Vq4y1f795
那些绝美的中国传统文化Apps,软件应用,App大能猫,1⃣️ 折扇2⃣️ 每日故宫3⃣️ 西窗烛4⃣️ 故宫陶瓷馆5⃣️ 锦色6⃣️ 以观书法7⃣️ 匠木8⃣️ 画镜长恨歌9⃣️ 釉彩,76806,15545,102949,2845,https://b23.tv/BV1NL4y1a7Zt
兵哥哥：我将用35秒能夺走你的“卧槽”！,影视剪辑,剪刀手瑜乔,,258143,59669,46205,6645,https://b23.tv/BV1SU4y1P7A5
上海第一网红自助餐一绪寿喜烧，人均200+的日料火锅，以假乱真、食材回收,财经商业,内幕纠察局,上海第一网红自助餐一绪寿喜烧，食材回收、以次充好，人均200+，却把比目鱼充当鳕鱼，廉价牛肉冒充澳洲和牛，抹茶粉过期4个月继续使用，巧克力生产许可证查询不到，更可恶的是客人吃剩的刺身回收后添加新的继续使用，上海店铺更是在之前把鸭肝当做鹅肝卖给顾客,157980,100186,22112,77581,https://b23.tv/BV1Rg411F7FX
2021苹果秋季特别活动-中文字幕-全程回放,数码,赛博星人科技汪,摄像头升级的 iPhone 13 Pro 和 iPhone 13，及显示屏更大的 Apple Watch Series 7、携 iPad 和 iPad mini 一众新品登场。,41570,9434,25902,16694,https://b23.tv/BV1eM4y1G7uP
朋友来农村作客，分别时大家恋恋不舍，漠叔亲自送到村口,田园美食,大漠叔叔,,99526,28283,4794,3109,https://b23.tv/BV1244y1t7qF
"""和宵宫烟绯姐姐出去玩啦""",手机游戏,Mochitsuk1,https://mobile.twitter.com/PlaHill7/status/1437741165890072576随手搬运一下，原推主@PlaHill7,44777,5900,13015,7469,https://b23.tv/BV1Bv411w7zu
云顶S6首次曝光，阿北全新英雄羁绊解析，新机制，新玩法抢先看！【云顶之弈】【金铲铲之战】,电子竞技,林小北Lindo,肝到凌晨1点做完这期让大家快速看到S6的内容给个3连支持下阿北吧金铲铲11.3号会同步更新S6版本,10276,2917,686,1742,https://b23.tv/BV1sL4y1a78R
“我从此不敢看观音。”,人文历史,一观者也,BGM：我终于不用写bgm啦！,51249,22578,35514,2945,https://b23.tv/BV1S64y1h7D6
⚡双   向   奔   赴⚡,电子竞技,拾年老仙,BGM:Rise And Fall(Mix)烂活哦哦哦哦哦哦哦哦哦哦哦哦哦哦哦哦哦哦哦哦哦哦哦哦哦哦哦哦哦哦哦哦哦哦哦哦哦哦哦哦哦哦哦哦哦哦哦哦哦哦哦哦哦哦哦哦哦哦哦哦哦哦哦哦哦点赞哦哦哦哦哦哦哦哦哦哦哦哦哦哦哦哦哦哦哦哦哦哦哦哦哦哦哦哦哦哦哦哦哦哦哦哦哦哦哦哦哦哦哦哦哦哦哦哦哦哦哦哦哦哦哦哦哦哦哦哦哦哦哦哦哦哦哦哦哦哦哦哦哦哦哦哦哦哦哦哦哦哦哦哦哦哦哦哦哦哦哦哦哦哦哦哦哦哦哦哦哦哦哦哦哦哦哦哦哦哦哦哦哦哦哦哦哦哦哦哦哦哦哦哦哦哦哦哦哦哦哦哦哦哦哦哦哦哦哦哦哦哦哦哦哦哦哦哦哦哦哦哦哦哦哦哦哦哦哦哦哦哦哦,35405,4570,4690,5353,https://b23.tv/BV1RU4y1P7y1
【含剧透】雷电将军哪有这么可爱？,短片·手书·配音,KKOMDA,大家好！好久没公开新视频了～这个夏天我休息得很好，而且还努力制作了视频?以后也请多多关照！～,79735,32775,31527,7524,https://b23.tv/BV1344y1h7hF
改善伙食了属于是，烤鸡配大饼，干净又卫生！,美食侦探,刘庸干净又卫生,-,46773,4297,1147,1787,https://b23.tv/BV11Q4y1r7jw
大作文不会写，拿走直接抄吧——写作素材积累共110篇分6大模块,职业职场,岸上老狗,-,2016,3310,2834,102,https://b23.tv/BV1EQ4y1y7e6
"【原神】自制番剧《丘神》第十二集——“绝望与希望的交错""",短片·手书·配音,一万根韭菜,风云变换（没想到吧）的续集又又又……出来了。。。剧本、后期、配音——夏韭菜角色、动画、导演——万一他爹杂志封面图——夏韭菜【特邀嘉宾】村EO&艾拉马斯克 CV—小呜呜大伟丘 CV—王昊阳BGM——《原神-珍珠之歌 The Shimmering Voyage》及其他网络素材,34197,21061,5981,1548,https://b23.tv/BV19L4y1b7uu
网曝南通一城管拎起老人摔地上，街道办：已停职，警方介入调查,社会,四川观察,9月15日，江苏南通开发区小海街道，网曝一名城管收缴老年摊贩秤砣，老人追上城管并坐在车上，该城管拎起老人摔在地上。街道办工作人员表示，涉事城管已停职，警方介入调查。,12242,1996,1304,2891,https://b23.tv/BV15f4y1E74s
从没见过这么变态的复仇，杀人诛心，结局让人窒息！《不可饶恕》,影视杂谈,阿斗归来了,很多人都说想看电影，今天带来的是一部非常精彩、让人猜不中结局的韩国复仇电影。另外我之前也讲过复仇三部曲，没看过的小伙伴们可千万别错过啦！复仇三部曲： 第一部《我要复仇》：BV1sx411J78Q 第二部《老男孩》：BV13p411o7Kg 第三部《亲切的金子》：BV1f44y167f2 喜欢的话多多点赞、投币、收藏吧。 更多精彩内容，关注我的微信公众号——阿斗归来了（adouGLL）,31264,6998,3490,869,https://b23.tv/BV12L411x7ZA
洗几百个锅、切五百斤土豆、掉进粪坑，卧底记者有多惨？,职业职场,丧心病狂周公子,卧底、暗访都是调查报道的手段，相比于其他调查方式，卧底是最难的。不但要吃很多苦，还非常考验社会经验、反应能力和心理素质。中国的卧底记者很少，好的卧底记者更少。以我个人浅薄的经验来看，刚刚卧底了胖哥俩肉蟹煲的老韩无疑是中国最优秀的卧底记者，可能都不需要加之一。这样的名头背后，全是辛苦。建议配合上期视频食用：https://www.bilibili.com/video/BV1Av411w7xj/,169739,83140,28297,6325,https://b23.tv/BV1U34y1Q7nz
食 神 叶 问,影视剪辑,KiddyLee周全,叶师傅这次真的更离谱了！特效大大： @亿剪盖儿 ,10424,4293,1622,892,https://b23.tv/BV1Af4y1w7XF
警方的违法执法与“滚”书记的霸气侧漏,社会,记者杨威,-,8183,3019,580,115,https://b23.tv/BV1tL411x7xd
外国人说中国太强势，我们进行了友好交流【大师计划·刘扬声·鬼畜】,综合,观视频工作室,,29200,7392,4165,1080,https://b23.tv/BV1DA411F7bT
福建疫情，是38天超长潜伏期，还是隔离交叉感染？,综合,波士顿圆脸,,51921,11811,3991,2995,https://b23.tv/BV1KQ4y1r7my
5年，我给了她一个答复,日常,贤贤麓麓的日常生活,恋爱5年有余，终于鼓足勇气给了她一个…………,40201,33778,4125,1307,https://b23.tv/BV1m44y1t7on
如果你很累，干啥事都没热情，这期视频或许能帮到你！,社科·法律·心理,傻白在美国,,6663,3721,8361,1523,https://b23.tv/BV1Jf4y1w7DQ
爆肝五天四夜，纸板变电脑！,绘画,画渣不渣-HZ,有电脑我不用，偏要画出来，就是玩儿,21909,11192,2389,248,https://b23.tv/BV1t34y1Q7Bn
王豆豆豆豆豆豆豆豆,鬼畜调教,知路报童,纯属娱乐,30709,7890,7043,9328,https://b23.tv/BV1uf4y1n79t
【原神整活】雷电将军：不至于旅行者！不至于！,手机游戏,折腾5号,旅行者：我今天就要把吃虎鱼刀拉满！投币过10000 必更下期！另外~关注我！关注我！关注我！关注我！关注我！关注我！关注我！关注我！关注我！关注我！关注我！特别鸣谢 @三格声米    提供的专业配音支持本期配音：班尼特-女士：@精分少女晓晓晓  神里-雷神：@小五的小话筒  托马：@王宁是司小幽  八重神子：@李哎同学  挚友：张侨予万叶：@气气奇奇齐齐璇  寻找梦想的路人们：黄玮@第27题选A  崔郅昊@羊是会飞的  齐璇@气气奇奇齐齐璇  玥辰@小五的小话筒  插画师  ﻿@,39207,13215,6137,1658,https://b23.tv/BV1pq4y1K7jv
《曹操》前来劈瓜,人力VOCALOID,何故在须臾叹息,瓜 坛 金 曲原曲：曹操—林俊杰人物造型是从真三国无双8里面抠的，我好像又双叒叕做了个费力不讨好的操作，效果只能说差强人意吧；晚点准备再用华强调一个林俊杰的《杀手》，调好了应该会很好听，感兴趣可以预约一下，预约位置回头我放在评论区,25550,12572,6524,3177,https://b23.tv/BV1H64y1h7hQ
屏幕有后坐 打枪更快乐,极客DIY,马鹿blyat,屏幕：京东搜 剑齿虎显示器抛壳手枪：拼多多或淘宝搜 抛壳格洛克 键盘：cherryMX8.0和10.0bgm：美波-カワキヲアメク (Complextro Remix) （羽翼深蓝Wings / 符白牙 remix）,228375,150722,54581,52654,https://b23.tv/BV18v411w7X4
将近100个蛋，帅小伙终于做出了流心蛋包饭，太好吃了！,美食制作,记录生活的蛋黄派,三连吗谢谢谢谢,178401,74512,14780,2201,https://b23.tv/BV1oh411H7iN
中国选手不知道自己夺冠，自责拍脑门，反应很可爱,竞技体育,李木木格,网络,145379,2351,8346,821,https://b23.tv/BV1mQ4y167Q2
对不起，没有下一期了,综合,进击的金厂长,虽然没有下一期了，但我永远在你们心中,66033,43951,14717,3127,https://b23.tv/BV1cg411c7GG
【原神】让我看看有多少人想rua五郎的耳朵,手机游戏,喵叔の爪,五郎的耳朵真的有那么Q弹吗,7918,1441,4182,2950,https://b23.tv/BV1Xf4y1c7KJ
比 男 胖 胖 强 ！,搞笑,女胖胖,我的成绩是他的百分之两百！！！,42799,3785,1470,340,https://b23.tv/BV1CR4y1H7i2
【那岩】20分钟 iPhone13发布会 iPad才是主角！Pro全系高刷,数码,那岩KJMX,,21898,3148,2203,2717,https://b23.tv/BV1nL4y1a7CZ
“非洲第一”尼日利亚，为什么成了诈骗之都？【消化一下】,社科·法律·心理,观察者网,“我的国家刚刚发生了一场政变，导致我的财产被冻结了，需要一键三连才能解冻…”相信不少朋友都收收过类似的短信或邮件，这种诈骗形式最初就叫“尼日利亚王子骗局”。尼日利亚坐拥超两亿人口和四千多亿美元GDP，两项数据稳居非洲第一，是名义上的“非洲第一大国”。然而近代以来，这个国家悲剧不断，猖獗的电信诈骗产业只是一个缩影。这些悲剧背后的原因究竟是什么？本期《消化一下》就带大家看看尼日利亚的“三国演义”。,32100,4223,3422,308,https://b23.tv/BV18M4y1G7Gy
极品长寿鱼，比我爷爷年龄还大，用我秘制做法好吃到爆,美食制作,小文哥吃吃吃,你们天天喊的长寿鱼来了，求一键三连,47087,10623,2549,417,https://b23.tv/BV1dU4y1P7K6
我们这桌游都这么玩的,桌游棋牌,煌武院炎阳,-,92819,25188,25061,34722,https://b23.tv/BV1Xf4y1J79n
花了50万，区长最终买了这车？,汽车生活,一鹿有车,不是V6也不是V8，区长居然买这车？,18632,1554,822,2399,https://b23.tv/BV1A341127od
用一百条鳝鱼才能做出的一道菜！吃一口就要好几百你敢信？,美食制作,南翔不爱吃饭,,42960,26022,4653,654,https://b23.tv/BV1sq4y1Z76g
【西装暴徒】学会这4种领带打法，女神看你的眼神都变了！,穿搭,一口蛋糕酱,,6490,3200,6122,149,https://b23.tv/BV1hL411x7Vi
折纸兔女郎(陈晓)完整教程-更新完成,手工,某一个晓,"这个作品折图收录于我的个人作品集""AmazingOrigami""之中，最近某平台一个非常恶劣的人未经我授权将其从违法渠道获得的劣质电子版教程公开发布且未注明原作者，已经大量传播到无法控制的地步，我的版权受到严重侵害。。。有那么多人转发和传播我的作品说明它还是比较受欢迎的，但请大家尽量从正规渠道获取资源，保护创作者应有的权益。现在我干脆将这个作品的折叠过程录制下来进行分享，1P是50倍加速版供大家预览大致流程或者看着玩儿，2P、3P是原速完整版。谢谢大家支持!BGM:三亩地-城南花已开",14034,9057,12710,3353,https://b23.tv/BV1mA411F7Km
心若有所向往 ，何惧道阻且长！,影视剪辑,七彩男孩,-,60582,11985,36259,5468,https://b23.tv/BV1hb4y127v7
活着好累，最终又一定会死，那活着到底有啥意义？答案在这里。,人文历史,子小孙的老年生活,干它丫的,15531,4804,9978,2654,https://b23.tv/BV1FP4y1s7i1
158 105斤婆娘的吊带分享,穿搭,真的是CC呢,-,7671,2119,5732,2843,https://b23.tv/BV1d64y1h7Ks
梅开二度！梁非凡再当汉奸！还压刘醒一头？9.3分港剧巅峰《义海豪情》P9,影视杂谈,木鱼水心,今天继续更新港剧最高分之《巾帼枭雄之义海豪情》九姑娘为大义，忍辱负重甚至不惜与刘醒「冷战」梁非凡梅开二度，再当汉奸竟要与刘醒和解？本期点赞过10万将于三日之内更新《义海豪情》下一P敬请期待！,116920,58198,11252,1614,https://b23.tv/BV1kg411F71Z
揭秘恒大财务魔法，千亿负债去哪了？,财经商业,何处击,近日恒大集团麻烦事不断，先是银行冻结资金引发各界关注，随后各地建筑商纷纷停工索要工程款见诸媒体，近日，恒大财富无法按期兑付引发轩然大波，大批投资者前来维权，比起众所周知的三条红线和房住不炒，今天老何来说说恒大真正的财务魔法。,27693,4284,3350,4216,https://b23.tv/BV1oU4y1w79x
惠丰堂 厨子探店 ¥545,美食侦探,真探唐仁杰,BGM 陈小春 《战无不胜》,29277,2265,778,295,https://b23.tv/BV1BP4y1h7a5
司南之石！众铁平等！,搞笑,手艺贾,吸铁石！,29292,7693,2375,1252,https://b23.tv/BV1Qf4y1c7r2
他花2年时间，收集384种中国颜色，国人很自豪：美炸了！,人文历史,匠人集,匠人丨颜色复原师丨郭浩,53543,13874,35745,2137,https://b23.tv/BV1C34y1Q7yA
平行宇宙 特种兵籽岷的一天,职业职场,籽岷,游戏UP主挑战特种兵？！这离谱的平行宇宙幻想，居然发生在了籽岷身上！重重困难阻挡不了真男人，泅渡、潜水、攀岩、武打……都不在话下！血槽空了吃饭来补，一起来见证真男人如何挑战特种兵吧！今年的9.18全民国防教育日主题是——迈向强国新征程，军民共筑强军梦！部分MC画面出处：BV1kf4y197ziBV1d4411f7CY,44841,22552,8167,656,https://b23.tv/BV1QM4y1G7JN
央视节目组邀请，二后生炖羊肉、压饸饹，给横山乡亲做顿可口饭菜,田园美食,陕北的二后生,二后生备只羊，给乡亲们炖羊肉、压饸饹，配合央视节目组视频制作,20426,19673,1591,259,https://b23.tv/BV1Tq4y1o7Eb
「小白」Pad最香？云体验聊聊2021苹果全系新品 iPhone13到底香不香,数码,小白测评,关注小白测评微信公众号，每晚发车不见不散,29487,7796,3112,2335,https://b23.tv/BV1fU4y1w7rB
云顶之弈新模式新羁绊？【6典范】召唤终极大BOSS,电子竞技,我是TOO,Q群468568662 可以捉到活的UP,37727,3334,1631,6771,https://b23.tv/BV17b4y127Eh
过瘾又解馋，2碗烩菜一碗扣肉，配2个大馒头，真香,美食记录,田野上的繁荣,,41258,8965,1485,775,https://b23.tv/BV1tq4y1N7Hy
我在自己的猫咖里被绑架了？,喵星人,猫不理咖啡,嘿嘿，小老板又恰到饭了。在这里真的是谢谢你们，之前的视频如果不是你们的三连和硬币，播放量也不会那么好，人家也不可能再找我。真的是非常感谢！然后我又厚着脸皮来要硬币了，额（跪谢）,41607,11275,1945,181,https://b23.tv/BV1gL4y187mV
【SERGEY谢尔盖】封面这么大的战斧牛排！还有金针培根卷和pesto意面，脆嫩多汁香滑爽口|烹饪过程&咀嚼音助眠,美食制作,SERGEY谢尔盖,B站的朋友们，大家好！我是来自俄罗斯的SERGEY谢尔盖，很高兴能和大家在这里分享我喜爱的美食！首先声明我并不是专业的厨师，但是我有一个梦想就是制作出世界上最优秀的烹饪&吃播助眠视频！希望你们能够喜欢！非常感谢大家的支持！Bilibili干杯！,21520,9320,2536,1165,https://b23.tv/BV1XR4y1H7qJ
但凡有20树脂，我也不至于在桌子上玩原神,手办·模玩,利利那TD25,想必是全网第一个正经的原神定格动画？紧赶慢赶终于做了一期原神的，想还原很多游戏内容，留着以后继续吧，比如属性超载之类的拍了很多运动镜头，因为入手了齿轮云台，并特意租了房间供我折腾，以后会多使用的（但制作用时UPUP）======模型@阿福酱酱油  （御用模型师）涂装是我弄的，我觉得神里绫华是蓝头发就……所以怪不得阿福23333宵宫定位是旅行者所以就在发色上调整了一下能自己做模型了太好了（只是经不住定格拍摄的磨损）,102331,71951,27054,10330,https://b23.tv/BV1tQ4y1y7Jn
出现了没尾巴的领养人,喵星人,本喵叫兔兔,-,33450,2651,836,319,https://b23.tv/BV1j64y1a74v
印度人均偷电？我国逆风翻盘！开局丐配，开挂的中国电网有多牛逼？【硬核央企】【牛顿】,财经商业,牛顿顿顿,几天前，我看了一部纪录片《Powerless In India》，讲在印度坎普尔这个地方，电力长期短缺，管理极度混乱，“偷电”的现象极为猖獗。我突然一阵恍惚，看着房间里亮了半个晚上的灯，想起几个问题：在我们生活的这个地球上，还有多少亿人没用上电呢？生活在中国的你我，为什么能用上便宜且稳定的电？我们国家的电力系统到底有多牛X？,173087,95414,29537,8662,https://b23.tv/BV1AU4y1N7WS
从搞笑开始，到泪目为止,社会,谭乔,一双皮鞋带盒不到一公斤（网友查询后），粗略数了数大爷背了两百多斤（2015）,76774,46026,6984,1793,https://b23.tv/BV1LL411x7vp
这样的《水星记》，深夜一个人躲在被窝里品尝更佳！,翻唱,咻咻满,看完jason老湿的《水星记》教程，我感觉这首歌我又能行啦！原唱：郭顶翻唱：咻咻满,21784,13319,4737,587,https://b23.tv/BV1rh411p7nL
【技能解析】泰坦的技能可太有意思了,电子竞技,上单老祖,,44898,11134,6410,4036,https://b23.tv/BV1pA411F7Zy
强迫女友和我跳宅舞，一定要看完呀,搞笑,力元君,简介感谢大家的观看！喜欢的话记得点个赞哦,40750,4717,1800,300,https://b23.tv/BV1Wf4y1n71L
【网络热门动物谣言3】水熊虫是地表最强生物？世界上真的有永生的动物吗？骆驼能把自己的胃吐出来？,科学科普,黑毛羊驼,这里是简介,18746,5065,1743,170,https://b23.tv/BV1hg411c7A2
NVIDIA：RTX 40系列显卡将如期发布,数码,蒸気火鸡,NVIDIA：如期的意思就是如期,15870,3251,921,1526,https://b23.tv/BV16q4y1f7ob
“咒语不可饶恕是有原因的”,影视剪辑,Double邓,玩这款游戏，心情有点复杂，随手一剪，可能人物没有剪全，比较粗糙，还请见谅官方更新了，那我就把标题改了素材：《哈利波特》Bgm：Eutopia,18794,3675,6139,2325,https://b23.tv/BV1p44y1h7Np
我是主持人李思思，我来Ｂ站啦！,日常,主持人李思思,大家好，我是思思，很期待在这里和大家见面，分享我的生活,68158,8978,4337,1244,https://b23.tv/BV1fh411H7X2
半夜家里玩偶复活了，背后还隐藏着惊天大秘密！,单机游戏,中国BOY超级大猩猩,游戏：Noctambulant喜欢的话不妨点个赞哦！,42025,8555,5674,450,https://b23.tv/BV1sP4y1h7Wf
像极了你女朋友生气的样子,喵星人,一颗福蛋酥egg,-,22076,1544,5919,10030,https://b23.tv/BV1RM4y1G7gp
民间小伙原创自制 《永劫无间》真人版武侠短片超燃花絮,短片,朱仙影视,9月16号敬请期待，超燃真人版武侠短片《永劫无间》,77211,55235,10218,3013,https://b23.tv/BV15A411F7iZ
薯片太大没办法一口吃怎么办？,搞笑,穷哥们茉日天,wb,135577,4311,16993,20279,https://b23.tv/BV1Kf4y1P7Rr
新疆大盘鸡配方大公开！秘制酱料详细比例、学会马上去开店,美食制作,赖皮猴爱美食,如果你喜欢我的视频请帮我点个赞！谢谢大家,54434,30444,21486,3104,https://b23.tv/BV1T44y1h74w
非天才雪鸮：过河不许用魔法,野生动物,我们都是社畜,-根据《神奇的雪鸮》改编,52132,10033,9669,5021,https://b23.tv/BV1jb4y127Pj
这样的人竟然能找到老婆！我酸了🍋,美食记录,胡凯利_洞主,,55539,45531,6532,4736,https://b23.tv/BV1xA411F7Cf
这台主机塞满了童年热爱的游戏！里面的游戏现在竟然价值2万多！？,单机游戏,Q-kun,这台主机塞满了童年热爱的游戏！里面的游戏现在竟然价值2万多！？,3663,1401,1923,532,https://b23.tv/BV1wQ4y1k7oq
骗美女同事团建爬山，居然是为了做这件事情？！,日常,小缸和阿灿,三连支持社会精英顺便招聘女同事，男女不限,72888,81535,14596,2912,https://b23.tv/BV1mM4y1G722
试吃网友投出的中国七大饺子！最后一名赶上我一天工资！,美食测评,波靖仔,上榜的饺子有你的一票吗？商务合作：bojingzai111 （非本人）波靖仔工作室招募视频文案哦 （专业对口或者有工作经验优先）工作地点在：广东江门 请把简历发到这个邮箱：1329973958@qq.com 感谢大家,33626,6943,2665,272,https://b23.tv/BV1Sq4y1N7ng
为什么《云南虫谷》我看不下去了？,影视杂谈,正经的老邪,把编剧的剧本，带到塔克拉玛干沙漠，打开第一集，原地变绿洲，也太水了吧！,25072,1977,957,607,https://b23.tv/BV1Zq4y1N7t5
平淡的一天，值得高呼万岁。,美食记录,没煮熟的大鹅,-,14676,11662,1198,309,https://b23.tv/BV1ob4y127rf
【原神3D动画】御柱飞行的钟师傅,MMD·3D,炷天cartoooo,壁立千仞，而后取之一脊，附以岩力，便可翱翔九天，尘世闲游……灵感来源于那张桃白白梗图，使用maya+UE4制作模型：官方mmd绑定：自制  感谢@苏十六六六六  大佬的教程！动画：自制渲染：自制,39494,6352,12377,6957,https://b23.tv/BV1D64y1h7qX
最适合秋夜的俄式夜宵，烤肉vodka，美滋滋！| 罪恶之夜,美食侦探,食贫道,从俄罗斯回国5年，最难忘的居然是这一口……对了，假如生活欺骗了你，下一句你还记得是什么吗？,65083,51747,12943,4906,https://b23.tv/BV1QQ4y1677c
医生：“小伙子，你愿意捐献3升血吗？”,搞笑,柠檬派奇幻漂流,这个UP主还没到170W粉，现在关注就是老粉啦！,31981,3820,1705,736,https://b23.tv/BV1B341127H7
靠脸出圈！这颜值被全网追着嘲？逆天吐槽《君九龄》,影视杂谈,刘老师说电影,反向出圈最为致命！,63138,6139,3180,2381,https://b23.tv/BV1cg411c77r
"11.19世界赛版本更新介绍：剑魔W冷却减少6秒,起飞!鳄鱼W再次优化!奶妈R削弱,20位英雄改动介绍！",电子竞技,LOL小绿毛资讯,"11.19是世界赛使用的版本 国服更新时间：9.23号 还会上线新英雄：薇古丝 新皮肤黎明&黑夜 娱乐模式无限火力~LOL版本介绍,新英雄,新皮肤,等资讯消息这里都有~对联盟资讯感兴趣,欢迎关注呀~片尾BGM：电玩EZ",13061,4023,2827,1883,https://b23.tv/BV1v34y1Q7Tm
塞尔达传说！听到这段音乐我都起鸡皮疙瘩了！【MayTree五月树】,翻唱,MayTree五月树,我们用纯人声演绎了塞尔达传说的主题曲，希望大家喜欢～导演：Napkins music我们是阿卡贝拉人声组合MayTree五月树，成立于2000年。喜欢就三连加关注吧~,40434,23020,8054,4833,https://b23.tv/BV13L411x7He
一刀砍掉我半个月房租？ 极品烧肉店是有多好吃？,美食侦探,哇塞几张,餐厅：炎珀EMBER地址：安义路静安嘉里中心南区2楼S2-04号,31964,13112,2236,421,https://b23.tv/BV1Dq4y1N7ad
🤤点一份王小美打包带走,MMD·3D,再肝剁手,Music：咬人猫 - dududuModel：miHoYo/观海Motion:【动作】兰若_Ruo【表情】兰若_Ruo【镜头】兰若_RuoStage：miHoYo/KelluArtsMME：Rui_cg/ikeno/そぼろ/サンドマン/化身バレッタ,15515,3403,9037,424,https://b23.tv/BV1Hf4y1n7ow
【即将发布】50个iOS15隐藏绝技，你未必全知道！！！,软件应用,某科君,Safari浏览器扩展屏蔽弹窗贤者模式与白噪音视频倍速播放......如果感觉还不错麻烦点个赞 投个币 收个藏最期待的还是还是给我点个关注万分感谢！！！【图文版】关注我的B站账号：某科君回复：iOS15即可获取也可以通过下面的链接直接查看https://mp.weixin.qq.com/s/0BgwQsiZbVWzDXNgnB3-Ng,7934,4140,5574,1680,https://b23.tv/BV1bM4y1G7dr
【原神】16秒保姆级白嫖40原石,手机游戏,元哥zlc,这网站估计大部分兄弟看不到，我也是前几天才看到的兑换码官服可以领，签到7天后，还没给兑换码的兄弟，看我最新动态,39660,16412,42729,5014,https://b23.tv/BV1U34y1Q7fn
单机手游？买断？3D回合制？鹰角新游突击探访！,手机游戏,哔哩哔哩游戏中心,异星文字要是被破解了记得滴滴我们！顺便提前祝大家中秋快乐～游戏预约：https://www.biligame.com/detail/?id=107825,19873,934,2978,5457,https://b23.tv/BV1w341127QG
有用又有趣的网站 了解一下?,软件应用,任性的KIMKILLS,https://vm.tiktok.com/ZMRasvvcj/,58449,15045,132421,3627,https://b23.tv/BV1VQ4y1y7Hb
【龚俊】“与俊为友”三界行游录vlog,手机游戏,龚俊Simon,我在《梦幻西游三维版》三界行游的vlog来咯！和我一起云游三界吧,38734,23386,9117,2804,https://b23.tv/BV1RQ4y167RC
（这也能解说？！）史上最燃的弹珠大赛【第六弹】激烈缠斗！热血厮杀！重回巅峰？！,搞笑,Super也好君,BGM：小林未郁 - α≠a,279780,176306,50339,35073,https://b23.tv/BV1Wv411w7fA
震旦天朝正式公布！ / 全面战争: 战锤3 / Total War: WARHAMMER III,单机游戏,CA_DrDuan,https://www.youtube.com/channel/UCugJq15BiB-c1NDYPHiznWQ逆天篡命之邪念，坠于星河。天下重任，将由谁来担当？ 震旦长垣，将由谁来守护？,26624,9549,9546,23591,https://b23.tv/BV1LP4y1Y7sM
有的人只要见过一次，就是一辈子,影视剪辑,在下啵啵君,电影：那个女孩的俘虏吉沢亮 新木优子BGM：the way I still love you,84194,3845,25954,2501,https://b23.tv/BV1TP4y1Y7VF
不要点进来，会变得不幸,搞笑,聊点什么叭,《水煮大神》分类：言作者：一度君华,37776,8997,3412,1255,https://b23.tv/BV1o34y1Q72f
(掉进下水道的第一天)土木比惨大挑战。,搞笑,大猛子ym,-,12411,4924,745,2089,https://b23.tv/BV1Pv411A7qm
警察执行任务，发现村民家里有个大米缸，一掏全家死刑,影视杂谈,快看张不止,纪录片：《被“看穿”的秘密》,185082,5150,10208,1524,https://b23.tv/BV1QM4y1G7oG
景区山洞里藏着一窝险些被扑杀的小奶狗                                               流浪狗动物救助领养,汪星人,走南养老院,-,51821,38661,6047,1503,https://b23.tv/BV1Dg411F73f
我到美国教书，才知道他们其实是这样看我们中国人的,社科·法律·心理,啊Sai在纽约,-,91754,18136,8059,746,https://b23.tv/BV1iL411t7G5
【盘点】看100遍《哈利波特》，只为找到这亿个彩蛋！丨列文虎克16丨死亡圣器下③,影视杂谈,莫扎金,,35073,23183,10146,1149,https://b23.tv/BV1sP4y1Y7RQ
当你写了个BUG！但是他刚好能运行,单机游戏,酥妃大魔王,好样的！录了三天素材！剪完就剩3分钟！给个三连叭！呜呜呜！太惨了！稍微调整了一下视频节奏！视频有问题或者建议（当然也可以夸奖我欢迎评论私信告诉我！很重要！帮我变得更好！（会认真看的周末快乐！muuuuuua！,61235,10788,8401,1183,https://b23.tv/BV1544y1h79P
【屎O说】半生不走寻常路的名越稔洋！,单机游戏,STN工作室,作者：80后写稿佬简介：仅是这段故事就已经足够传奇。,18661,4345,2087,254,https://b23.tv/BV1Bb4y127Pr
iPhone13最佳入手方式汇总！纠结？选12还是13.......双十一价格预测,数码,玩客锅锅,更多实时方案会更新在我的动态。欢迎大家多多关注一下。根据频道最低价搞机教程汇总出，iPhone13的最佳入手方式，以及12和13从价格上如何选？同时也给等等党准备了双十一的观望价格！,6361,2670,1714,916,https://b23.tv/BV1wU4y1A7r2
社交超牛逼症！,日常,电锯刮腿毛,网络我想把我的好腿给截肢了，装一条闪光腿。,155289,3998,10016,2316,https://b23.tv/BV1EL4y1a76G
传统文化，实在太美啦！,人文历史,哔哩哔哩晚会,#花好月圆会# 传统文化里的宝藏数之不尽，在这里我们仅抛砖引玉，中秋之夜，B站中秋特别节目花好月圆会，携手传统文化与我们一起过节。更多花好月圆会相关信息，记得关注哔哩哔哩晚会号，后续有更多精彩内容揭秘~直播预约：https://www.bilibili.com/blackboard/dynamic/166894,10686,658,1201,207,https://b23.tv/BV1Qh411H7k7
两分钟发布会｜2021苹果新品发布 经典再续 5999起iPhone 13 | 加量不加价,数码,科技美学,两分钟发布会｜2021苹果新品发布 经典再续 5999起iPhone 13 | 加量不加价,16287,2037,913,1144,https://b23.tv/BV1ih411p7W6
重庆解放碑神级老字号烧烤！烤苕皮3元一个，外皮软糯，内馅脆爽，一口封神！,美食侦探,小贝饿了,喜欢各地美食的小伙伴们这里集合！【海口】海大南门夜市：BV1ci4y137hi【西安】58元小龙虾自助：BV1mp4y1i7HV【西安】抱盆吃的麻辣烫：BV13z4y1U74K【广州】汉堡免单挑战：BV1La411c7Ps 【唐山】牛蛙面免单挑战：BV1U54y167oz 【广州】广州强记早茶：BV18t4y1k7Th,26483,2516,1798,1886,https://b23.tv/BV1Tf4y1n7Rk
雷神池氪金的千层套路，你中了几个？原神开服玩家生存现状~,网络游戏,亚食人,你可以把策划这次雷神的设计当做是福利，毕竟3命就拥有了大数字伤害完全体。也可以看做成一次算计  毕竟3命就拥有了大数字伤害完全体。还有一个自欺欺人的氪金借口忘了说，那就是：就这一次，这一次的雷神氪了，以后再也不氪了，雷神用到关服。PS：为了求稳，所以文案中采用的是四十多国这种说法...,34346,6394,2871,1689,https://b23.tv/BV1mM4y1G73b
情侣一起睡觉的危害！,短片·手书·配音,小蓝和他的朋友日常号,-,13050,550,2302,16543,https://b23.tv/BV1L44y1h7Yi
战斗之夜研究生导师抓学生打游戏惊悚现场,日常,力学渣,-,72702,6798,2992,6064,https://b23.tv/BV1yM4y1G7XN
瑞文戴尔的朋友圈,网络游戏,八百个分身的你哦,当前版本瑞文戴尔的朋友圈,9641,5661,1826,4735,https://b23.tv/BV1bf4y1P7xr
老师到底能有多倔？,搞笑,Thurman猫一杯,-,49192,2597,4677,1589,https://b23.tv/BV1cg41157n7
【自制动画】“时间要开始加速了！”,短片·手书·配音,微笑Fortune,爆肝自制动画  “簇拥我上天堂的，正是乔斯达家的血脉！”喜欢的点个赞，很是感谢！这便是天堂制造！石之海片段。,13875,4029,3502,478,https://b23.tv/BV1zQ4y1r72r
每日一遍，永远陪你过夏天。【日食记夏日合辑】,美食制作,日食记,微博大号@日食记微博小号＠姜老刀微信公众号：日食记文字菜谱见视频末尾,34127,7246,3658,1801,https://b23.tv/BV1RL411x7ko
【丞相司徒】给我一首歌的时间,人力VOCALOID,惜缘、过去,文 艺 复 兴,66437,63896,22291,3699,https://b23.tv/BV11q4y1N79Y
你的喵娘女仆生气了该怎么哄！HMPH |夜喵,明星舞蹈,夜喵w,那当然是三连啦~❤舞蹈音乐 宇宙少女CHOCOME小分队 HMPH微博 -大熊夜喵-摄影 @比比嘻  后期 @衣杏setsuna ,14266,4162,17483,654,https://b23.tv/BV12M4y1G7dJ
【医学博士】如何治疗鼻炎？I 让鼻炎患者，重获新生的方法,科学科普,兔叭咯,终于赶在周末完成了！按照这个视频一步步去做，肯定会缓解你的鼻炎！我们从机制讲到治疗再到根除的方法都讲了一遍，希望大家都能有所收货。Peace您可能还喜欢：【打呼噜】：BV1DL4y1h7u7【人体工学椅】BV1xq4y1Z798【改善肤色】BV1cL4y1e7LT【保护听力】：BV1xL411E75c【胖瘦体质】：BV1W44y117UC【失眠自救】：BV1EQ4y1f7Ar,94168,37742,40853,20958,https://b23.tv/BV1iM4y1G7MM
我的‘素人改造’惊现男嘉宾啦！！,美妆护肤,壶提提,-,50161,11374,7469,6919,https://b23.tv/BV1F44y1b758
观棋有语141：中美关系的压舱石会被搬掉吗？,社科·法律·心理,席亚洲,今天我们讨论的话题包括：俄罗斯、伊朗等国先后表示不参加塔利班“开国大典”，我们呢？美国参联会主席因“私下与中国沟通”受到国内压力，中美关系“最后的压舱石”是否会动摇？美国股市会不会崩盘？老胡说军机要飞过台湾岛，真的？关于货拉拉案，咱们再说几句美团“强迫小哥注册个体户”真有此事？如果有，会怎样？,5177,1644,715,125,https://b23.tv/BV1RQ4y1r75j
在饿死之前 简简单单吃份肥牛麻辣拌,美食记录,假美食po主,谢谢大家的支持喜欢和鼓励,78026,21065,7446,2915,https://b23.tv/BV1gq4y1f7Wp
特别定档——2021原神生日会,手机游戏,果蝇轰,这一年旅途的感动，希望与你分享。2021原神生日会将于2021年9月25日晚上9点与大家见面。视频制作@喵太社  预告文案-果蝇轰封面绘图@樱花的蛋蛋,69144,15009,10218,5482,https://b23.tv/BV1KL411x7kP
野王孙膑，暴力切C,电子竞技,魔巅峰,野王孙膑，重新定义精准切C,24183,2021,1811,519,https://b23.tv/BV19L4y1h7uN
瓜 啦 啦 小 魔 仙,人力VOCALOID,城之悠二,麻烦看一下简介，谢谢,33364,9394,8807,3820,https://b23.tv/BV1544y1h7Cc
【李玉刚自投稿】《赤伶》2021交响乐版官方MV发布～,MV,李玉刚,没有哪个时代像当下这般，河清海晏，万物当春；没有哪个时代像如今这样，人民为主，奋发昂扬。因此，我们将原来的悲歌换作盛世之歌，以全新方式再度演绎这首新时代颂歌。在建党百年之际，《赤伶》2021交响乐版由共青团中央宣传部发起，“万疆三部曲”系列之一献礼十一国庆。歌曲由李建衡作曲、原作者清彦重新填词，知名音乐人关天天操刀制作！国风音乐的基调是中华民族宝贵的文化传统，纯真的童声则代表着未来与希望。相信中华儿女无论身在何方，都会尽自己的一份绵薄之力，为祖国建设谱写新的篇章。,171357,159811,71155,19122,https://b23.tv/BV17Q4y1y7kt
【一拳超人第三季动态漫画】01.众S级英雄就位，饿狼对战龙级怪人波奇惊现超燃场面！！！,综合,马达尬尬,不好意思啊各位久等了，第一集量很大，大家忍一下如果觉得还行就支持下啦：推荐、硬币、收藏、分享，尽管招呼啊,17539,22403,5891,1602,https://b23.tv/BV1X34y1S7bd
告诉男朋友，我全身都是假的…会发生什么？,美妆护肤,宝剑嫂,好久不见的美妆视频！！想努力让美妆视频有趣一点，如果喜欢就多多一键三连给我一点支持吧！点赞6w，带胖哥穿上假肌肉，我穿上假臀去健身！,315112,31536,10645,4499,https://b23.tv/BV13Q4y1r7Z5
S11最全前瞻！LPL今年有机会战胜LCK吗？,电子竞技,LPL战术小黑板,khan明年来LPL吧！,38373,4914,1767,684,https://b23.tv/BV1jQ4y1y7Eh
“卧槽！他太敢说了！”,明星,爱睡觉的_Koala,,147615,16966,15457,1533,https://b23.tv/BV1wf4y1n7Ci
危！被女友发现电脑里的“秘密文件”？这次真凉了…,搞笑,盖里老哥,写真整蛊升级版！,86328,19420,4249,3193,https://b23.tv/BV1SL4y1h7hj
【翻唱】团魂炸裂！YG公开BLACKPINK四人版LALISA？,翻唱,是小光芒呀神秘组织,录制：亦惟恩 之子 宙斯 丸子后期：铨总视频：丽丽tip：只模仿唱腔，不模仿声线消音伴奏请见谅,31109,16698,13223,5169,https://b23.tv/BV1vq4y1Z7YN
陈晓看不见？李晨醉了没？  蔡依林-《舞娘》舞蹈翻跳,舞蹈综合,比熊比熊小,摄影：十曲后期：十曲剪辑：比熊音乐：蔡依林-舞娘舞蹈参考：BV1Rb411r7Uw、                 BV1Ft411b7Jw,8290,1715,8564,312,https://b23.tv/BV1Ch411H71s
大学生自制短片《舌尖上的宿舍》,短片,虚拟小吴,天津师范大学环境设计专业的大四学生，这是我第一次尝试拍摄短片，从2020年十月到2021年六月大概断断续续总共拍了七天左右，从高中起就一直有模仿《舌尖上的中国》的想法，这个小目标终于在大学完成。想通过此视频来记录自己的大学生活，希望朋友们可以多多指教，喜欢的话给个一键三连。,25024,21017,7138,3158,https://b23.tv/BV1Lf4y1n7rW
【摆脱颓废】每天10min快速唤醒身体恢复状态 | 改善不良体态,健身,Luke爱健身,"上半身：胸 颈 背 三头 肩 腹部下半身：臀 股四 股二  内收肌",2275,1233,4335,152,https://b23.tv/BV1W44y1b7og
网络喷子为啥变多了？,社科·法律·心理,有轶见的Kris,Why does everybody get angry so easily?,15485,5031,3391,952,https://b23.tv/BV1zQ4y1y7Sm
天天领现金800块有多难?我办新手机号助力会成功吗？,搞笑,大胡子魏,有一说一，虽然也恰他家饭，但是这个领现金是真难，太难了，比我上次砍手机都难,27965,6189,1772,5162,https://b23.tv/BV1v34y1Q7ma
价值10万元大抽奖来啦！极客湾200万粉丝福利...,数码,极客湾Geekerwan,200万粉丝纪念，我们这次送一波大的！你想要CPU？显卡？笔记本电脑？路由器？电竞屏？总价值10万元，我们全送给你！就看你有没有欧气抽到了……16号周四晚上8点，记得来转我们抽奖动态！感谢英特尔、AMD和华硕对我们的大力支持！,69952,47518,16350,16833,https://b23.tv/BV1XU4y1P7sD
凌晨5点，破防实录,手机游戏,宝贝虎,"压垮我的最后一根稻草大概反而是身上负担最轻的东西吧我所期望变好的东西，自己并不想变好，我是傻*，我不配爱fgo",5752,3616,896,447,https://b23.tv/BV1z3411272c
【见盘】165：西厂厂花大战魔法少女，警官老陈的艺术人生,搞笑,小见见Zz,见盘为当下时事热点，游戏，主播内容相关。 关注微信公众号见盘，合作邮箱：bd@shidatui.com 合作VX：shidatuimcn,18997,3101,1690,570,https://b23.tv/BV12b4y127iG
【星罗说书】《吞噬星空》原著小说全本解读！480万字一口气看完！,国产原创相关,星罗宫,吞噬星空全本小说精讲,2955,2644,3100,91,https://b23.tv/BV1dU4y1w7jZ
王一博出道七周年快乐！当下正少年，未来皆可“7”,明星,YIBO-OFFICIAL,,15775,14534,7245,4309,https://b23.tv/BV1cb4y1m78g
雷神时代开启，原神未来规划，新旧角色交锋,手机游戏,里番鉴赏家,专栏后天开始制作,4016,1705,827,1758,https://b23.tv/BV14341127UC
吓坏飙车党,喵星人,大佬白白白,微博,32364,1048,10877,7052,https://b23.tv/BV1pf4y1P7SX
MAMAMOO新曲mumumumuch MV公开,MV,pcyxjy,yt,12105,1282,3789,1893,https://b23.tv/BV1rQ4y1k7j5
【战锤全面战争3】首部震旦天朝宣传片！龙帝之女vs织命者卡洛斯,单机游戏,战争游戏研究所,能给我飙姐来个中文配音吗？本月还会有震旦长垣机制与新攻城模式的解析，关注战研，敬请期待！,14493,1937,3024,6257,https://b23.tv/BV1x3411q7vs
【迎新】给新学妹搬行李，结果。。。。。,搞笑,三木东-,哈哈,85377,1494,2916,5382,https://b23.tv/BV1Vv411w7U2
听说这段音频会让你家猫回忆起自己在古埃及被崇拜的岁月,喵星人,internet-boy,微博@internet-garcon-pdf听说这段音频会让你家猫回忆起自己在古埃及被崇拜的岁月,25208,797,14021,6329,https://b23.tv/BV1iA411F7Ki
这套打法，我愿意称之为——恶心妈妈给恶心开门【哈利波特：魔法觉醒】,手机游戏,小怪和BOSS,emmm，打到首席发现用t0卡组根本打不过氪佬了。。。。。。于是，jojo，我不做人了这个打发是从海格保蛋流变来的，昨天无意中发现决斗超过4秒会自动扣血，加上之前开盾站桩输出巨蛛森林和打人柳的经验，开发出了这样一个玩法。。。核心就是保卡姐，然后苟，苟到4分钟后自动扣血，咱们就可以靠奶和加速回魔赢得比赛，emm，恶心的一批，我遇到好几个氪佬，最后都挂机了核心是保卡姐，用白鲜统统加护保阵地，然后用闪电清掉一些比较烦的后场，emm，其他看个人吧，可以带雷鸟，或者鸟蛇。哦对了说一声，那个幻影移形一定要带，不,18232,3930,15501,20915,https://b23.tv/BV1Mq4y1f72Q
为了小羊不受狗狗的欺负。给小羊做了一对不锈钢畸角,极客DIY,手工耿,-,150767,17549,5167,5539,https://b23.tv/BV1U44y1t7iB
搬新家了，胖龙叫上几个朋友，在大院子烧烤，真惬意！,美食记录,胖龙的小生活,搬新家了，胖龙叫上几个朋友，在大院子烧烤，真惬意！,18095,5769,597,176,https://b23.tv/BV1Zq4y1N77X
改编版的《错位时空》绝了，比原版更有生命力，看我中华盛世！,音乐综合,子鱼Music,改编版的《错位时空》绝了，比原版更有生命力，看我中华盛世！,25158,16098,10565,1681,https://b23.tv/BV1pA411F7tB
/如果小鸟变成少女/procreat绘画（第一部）,绘画,我是鹿溟山,-,22692,1388,5842,626,https://b23.tv/BV1Xg411V7mx
硬核挑战，两“型男”竟敌不过“柔弱”女嘉宾？,日常,小缸和阿灿,省流助手：帅小伙为穿粉色jk，竟然故意输掉挑战！,21928,9081,1938,298,https://b23.tv/BV1134y1S7fm
48300点券开箱-云顶水墨丹青我全都要大礼包！,电子竞技,我是TOO,Q群468568662 可以捉到活的UP,25517,8107,854,107,https://b23.tv/BV1oU4y1w7xh
【3000粉回馈】亲手组一把带音乐律动的键盘送给你们~,数码,Luke小北,键盘套件是首席玩家的无缺轴体是G黄  键帽是首席玩家的果冻白键帽	希望大家可以给我个一键三连  爱你们  ~,2194,3669,1803,125,https://b23.tv/BV1R341117uH
20岁，不要去西藏！！！,日常,洛舟止,一个耗时半个月花费2W元的视频 希望大家能喜欢后续继续滚回游戏区 继续填坑去了,90356,58619,28888,19700,https://b23.tv/BV1KU4y1N7dC
就离谱！上班迟到就算了，为什么手里居然还有杯咖啡啊？,社科·法律·心理,啊Sai在纽约,-,22081,2404,6183,1252,https://b23.tv/BV1p64y1h72m
喝奶茶、刷视频、打游戏？你不自律，真没关系！【武志红】,社科·法律·心理,武志红讲心理,你不必每分每秒都高效地活着。,9054,3431,4281,1985,https://b23.tv/BV1kU4y1P7hj
钓鱼穷三年是有道理的,日常,黄河故道野钓小李哥,-,43899,8002,17368,20980,https://b23.tv/BV16q4y1Z7c5
坦诚相待！看看我又买了哪些好登西！,美妆护肤,达达达布溜-,护肤类白茶身体乳珀莱雅双抗精华*视黄醇眼霜hfp果酸泥膜至本肌底液真丽斯洗面奶*彩妆类kilala美瞳*江原道粉底液3ce口红 新款植村秀丝绸 新款holika #8holika #11家居食品酒推荐合集ucc黑咖啡菲诺厚椰乳复古卡片苏泊尔小型电压力锅珐琅锅纳米棉签konikoni洗脸巾,18142,2678,2767,105,https://b23.tv/BV1XL4y1b7rr
再穿一次看看好了！（无营养 慎点,日常,紫菜蛋花兔兔,-,87710,9303,9344,2103,https://b23.tv/BV1Dq4y1Z7Zg
说 唱 正 规 军,鬼畜调教,倒悬的橘子,"不下载反诈APP，你就别跟我打PK（水一稿,19号大唐gang2.0！prod by MR.nine",112138,32744,15559,3445,https://b23.tv/BV1Eq4y1N7Fp
街边铁板面，人均15满满都是料，老板诚不欺我。 无广试吃员/美食探店,美食侦探,小紧张的虫虫,铁板牛排吃过，吃铁板面还是第一次！店里人均15，满满都是料～～,61890,20691,4564,1334,https://b23.tv/BV1Zq4y1Z7m4
告别低颅顶/高颧骨/扁头！8个压箱底发型小技巧 | 手残必看！氛围感随手拈来！,美妆护肤,陈吃饭_,含辛茹苦总结出的发型超干货！走过路过别错过！,70304,31089,66520,3724,https://b23.tv/BV16q4y1Z7sA
【原神】这赞要是过五百，我直接手抄给这个视频点赞的所有人的ID!!!,GMV,SISTAR,素材：原神pv封面来源：BV1Yh411Y79aBGM:Collapsing World（Original Mix）提前祝贺一下原宝一周年生日这一年过得非常的快，前会时间还是一个刚入坑的萌新，现在已经快五十级了，回过来看这段时间真的很快，刚玩的时候不知道瞄点有什么用所以整天跑图，现在想起来那段时间应该是我玩整个游戏最快乐的时光了，一入坑原神就被它这庞大的世界观所吸引，从此一天就是十几小时的肝。总之希望原神以后变得越来越好然后，作为一个新人，这个视频制作不宜，希望大家给个三连支持一下,58273,6254,4825,310,https://b23.tv/BV1yA411F7ow
【免费】领取变声器即刻VTB出道,野生技能协会,幕后女声,投币三连 领取变声器软件 Studio one5 激活你的支持将会是我耐心更新每一个教程的动力 而不是视频被【某猫】【某调音师】【某花】拿去发B站说是他的软件,8555,13279,10165,785,https://b23.tv/BV1Dq4y1Z7zC
周星驰《回魂夜》25年前票房口碑双扑街，如今却是不可多得的经典,影视杂谈,百晓生一请勿催更,,28569,8670,4385,1146,https://b23.tv/BV1hb4y127oF
爱，冰冰和机器人,影视剪辑,_青红造了个白_,王冰冰的AI穿越之旅,166403,90084,35694,15325,https://b23.tv/BV1kM4y1G7Cq
真实存在的场景,野生动物,不良良良,"✨  ︵ (""\(●-●) \ /     0\ \  (          )""  \__T__/",116744,4186,45114,3559,https://b23.tv/BV1NP4y1Y7zJ
13元/碗超大大大牛筋面的中式快餐宝藏店 | 成都美味探店,美食侦探,密子君,YouTube频道：密子君Mires原创视频投稿：hr@ariesmedia.cn,20166,6413,2070,509,https://b23.tv/BV1c341127ze
【小明vs老王】戴上你你的耳机,鬼畜调教,此物天下绝响,戴上你你的耳机，放下你的长兵器‍(・ω< )★,15274,12987,3934,720,https://b23.tv/BV1QU4y1P7b9
【小峰】脑瘫少年玩《原神》一周年 请大家看看是不是正常的,手机游戏,小米亲ヾ,-,19225,6191,1078,705,https://b23.tv/BV1VL4y1a7cY
普通人五官不变，微调2个小细节，告别土气变精致！,美妆护肤,维他阿K,美女好看的㊙️秘密被我发现了！,90560,44537,71938,3867,https://b23.tv/BV1t3411q7po
教你用自己声音念咒！太尴尬了！【哈利波特魔法觉醒】,手机游戏,老骚豆腐,评论里可以说出你们想看什么类型的哈利波特视频！点赞过4W更新大家感兴趣的主题！,11428,3223,2032,4836,https://b23.tv/BV1nM4y1g7Ba
柴犬多年不曾被人触碰。为了能带它出门，不得不控制住它戴上牵引绳。,汪星人,训犬师阿杰,-,20411,989,1204,1394,https://b23.tv/BV1V44y1h7Yw
社 交 废 物 2,搞笑,是老胡没错,理论上来说和第一集并没有什么联系社交废物1：BV1vB4y1M7Wt,237304,47457,32400,14762,https://b23.tv/BV1sv411w73P
可乐杀精？经常喝可乐会有问题吗？【丁香较真】,科学科普,丁香医生,可乐，拥有着「快乐肥宅水」的绰号，几乎成了快乐的代名词。但每次喝可乐，各种「危害」总是会浮现在脑海中：致癌、杀精、骨质疏松、腐蚀消化道...... 今天我们就来讲讲：可乐喝多了，到底有什么问题？你可能还想看：七分钟高效燃脂跟练！BV1of4y1J7a3,13695,1477,2863,4259,https://b23.tv/BV1kq4y1N7P4
【4K60FPS】新裤子《你要跳舞吗》嗨翻神曲！你也想跳舞吗？,MV,音乐私藏馆,官方MV平台提取制作，由于是早期的MV，进行了重做之前很多粉丝说让我去听一些新的乐队我也确实花了两个月的时间，去听了新裤子的歌曲给群里的小伙伴发的一首歌，确实还是很不错的填的转载，祝大家开心,42461,8887,13572,3353,https://b23.tv/BV1ML411x7Tt
